USE CoWorkingSpace;

INSERT INTO admin (fname, lname, username, password, email) 
VALUES
('Worood', 'Abdou', 'woroodabdou', 'worood1234', 'worood@gmail.com'),
('Farida', 'Soliman', 'faridasoliman', 'farida1234', 'farida@gmail.com'),
('Salma', 'Samir', 'salmasamir', 'salma1234', 'salma@gmail.com'),
('Mariam', 'Walid', 'mariamwalid', 'mariam1234', 'mariam@gmail.com'),
('Hassan', 'Youssef', 'hassanyoussef', 'hassan1234', 'hassan@gmail.com'),
('Laila', 'Khaled', 'lailakhaled', 'laila1234', 'laila@gmail.com'),
('Omar', 'Gamal', 'omargamal', 'omar1234', 'omar@gmail.com'),
('Nada', 'Ahmed', 'nadaahmed', 'nada1234', 'nada@gmail.com'),
('Khaled', 'Mostafa', 'khaledmostafa', 'khaled1234', 'khaled@gmail.com'),
('Aya', 'Yasser', 'ayayasser', 'aya1234', 'aya@gmail.com'),
('Mohamed', 'Samir', 'mohamedsamir', 'mohamed1234', 'mohamed@gmail.com'),
('Reem', 'Fouad', 'reemfouad', 'reem1234', 'reem@gmail.com'),
('Hanan', 'Osman', 'hananosman', 'hanan1234', 'hanan@gmail.com'),
('Bassem', 'Fahmy', 'bassemfahmy', 'bassem1234', 'bassem@gmail.com'),
('Maha', 'Said', 'mahasaid', 'maha1234', 'maha@gmail.com'),
('Rania', 'Ehab', 'raniaehab', 'rania1234', 'rania@gmail.com'),
('Adel', 'Nour', 'adelnour', 'adel1234', 'adel@gmail.com'),
('Zainab', 'Mahmoud', 'zainabmahmoud', 'zainab1234', 'zainab@gmail.com'),
('Yara', 'Reda', 'yarareda', 'yara1234', 'yara@gmail.com'),
('Amr', 'Farouk', 'amrfarouk', 'amr1234', 'amr@gmail.com'),
('Sally', 'Ibrahim', 'sallyibrahim', 'sally1234', 'sally@gmail.com'),
('Tarek', 'Shokry', 'tareksokry', 'tarek1234', 'tarek@gmail.com'),
('Marwa', 'Hesham', 'marwahesham', 'marwa1234', 'marwa@gmail.com'),
('Sherif', 'Hany', 'sherifhany', 'sherif1234', 'sherif@gmail.com');

INSERT INTO visitor (fname, lname, phone_number, membership_status, email, username, password) 
VALUES
('Heba', 'Hussein', '+201000000006', 'Active', 'heba@gmail.com', 'heba.hussein', 'heba6'),
('Ziad', 'Tamer', '+201000000007', 'Inactive', 'ziad@gmail.com', 'ziad.tamer', 'ziad7'),
('Fatma', 'Kamal', '+201000000008', 'Pending', 'fatma@gmail.com', 'fatma.kamal', 'fatma8'),
('Alaa', 'Gaber', '+201000000009', 'Active', 'alaa@gmail.com', 'alaa.gaber', 'alaa9'),
('Menna', 'Sobhy', '+201000000010', 'Inactive', 'menna@gmail.com', 'menna.sobhy', 'menna10'),
('Hoda', 'Helmy', '+201000000011', 'Active', 'hoda@gmail.com', 'hoda.helmy', 'hoda11'),
('Ramy', 'Adel', '+201000000012', 'Pending', 'ramy@gmail.com', 'ramy.adel', 'ramy12'),
('Salwa', 'Saad', '+201000000013', 'Inactive', 'salwa@gmail.com', 'salwa.saad', 'salwa13'),
('Nour', 'Hisham', '+201000000014', 'Active', 'nour@gmail.com', 'nour.hisham', 'nour14'),
('Yasmin', 'Wael', '+201000000015', 'Active', 'yasmin@gmail.com', 'yasmin.wael', 'yasmin15'),
('Mahmoud', 'Nagy', '+201000000016', 'Pending', 'mahmoud@gmail.com', 'mahmoud.nagy', 'mahmoud16'),
('Bassant', 'Elmasry', '+201000000017', 'Inactive', 'bassant@gmail.com', 'bassant.elmasry', 'bassant17'),
('Ola', 'Rashed', '+201000000018', 'Active', 'ola@gmail.com', 'ola.rashed', 'ola18'),
('Hesham', 'Fathy', '+201000000019', 'Pending', 'hesham@gmail.com', 'hesham.fathy', 'hesham19'),
('Youssef', 'Hany', '+201000000020', 'Active', 'youssef@gmail.com', 'youssef.hany', 'youssef20'),
('Dina', 'Nour', '+201000000021', 'Inactive', 'dina@gmail.com', 'dina.nour', 'dina21'),
('Mona', 'Ibrahim', '+201000000022', 'Pending', 'mona@gmail.com', 'mona.ibrahim', 'mona22'),
('Ahmed', 'Nabil', '+201000000023', 'Active', 'ahmednabil@gmail.com', 'ahmed.nabil', 'ahmed23'),
('Eman', 'Sami', '+201000000024', 'Inactive', 'eman@gmail.com', 'eman.sami', 'eman24'),
('Alaa', 'Mohamed', '+201000000025', 'Pending', 'alaa.moh@gmail.com', 'alaa.mohamed', 'alaa25'),
('Amira', 'Kamel', '+201000000026', 'Inactive', 'amira@gmail.com', 'amira.kamel', 'amira24'),
('Ayman', 'Maged', '+201000000027', 'Pending', 'ayman@gmail.com', 'ayman.maged', 'ayman25'),
('Ayla', 'Karim', '+201000000028', 'Inactive', 'ayla@gmail.com', 'ayla.karim', 'ayla24'),
('Alina', 'Selim', '+201000000029', 'Active', 'alina@gmail.com', 'alina.selim', 'alina25'); 

INSERT INTO staff_member (fname, lname, phone_number, job_title, username, password) 
VALUES
('Maged', 'Saleh', '+201100000011', 'member', 'maged.saleh', 'maged11'),
('Samir', 'Tawfik', '+201100000012', 'leader', 'samir.tawfik', 'samir12'),
('Lama', 'Younis', '+201100000013', 'maintenance support', 'lama.younis', 'lama13'),
('Karim', 'Fahmy', '+201100000014', 'housekeeping', 'karim.fahmy', 'karim14'),
('Bassem', 'Elshahat', '+201100000015', 'security', 'bassem.elshahat', 'bassem15'),
('Mariam', 'Ismail', '+201100000016', 'receptionist', 'mariam.ismail', 'mariam16'),
('Sahar', 'Naser', '+201100000017', 'manager', 'sahar.naser', 'sahar17'),
('Omar', 'Hassan', '+201100000018', 'member', 'omar.hassan', 'omar18'),
('Nada', 'Tarek', '+201100000019', 'leader', 'nada.tarek', 'nada19'),
('Ramy', 'Youssef', '+201100000020', 'maintenance support', 'ramy.youssef', 'ramy20'),
('Reham', 'Saad', '+201100000021', 'housekeeping', 'reham.saad', 'reham21'),
('Hossam', 'Shoukry', '+201100000022', 'security', 'hossam.shoukry', 'hossam22'),
('Dalia', 'Gamal', '+201100000023', 'receptionist', 'dalia.gamal', 'dalia23'),
('Yara', 'Nagy', '+201100000024', 'manager', 'yara.nagy', 'yara24'),
('Tamer', 'Adel', '+201100000025', 'member', 'tamer.adel', 'tamer25'),
('Zeina', 'Amin', '+201100000026', 'leader', 'zeina.amin', 'zeina26'),
('Hesham', 'Omar', '+201100000027', 'maintenance support', 'hesham.omar', 'hesham27'),
('Aya', 'Farid', '+201100000028', 'housekeeping', 'aya.farid', 'aya28'),
('Nader', 'Ehab', '+201100000029', 'security', 'nader.ehab', 'nader29'),
('Mona', 'Salah', '+201100000030', 'receptionist', 'mona.salah', 'mona30');

INSERT INTO feature (name, description, maintenance_status) 
VALUES
('WiFi', 'High-speed internet access for all users.', 'Working'),
('Projector', 'HD projector for presentations.', 'Working'),
('Whiteboard', 'Magnetic whiteboard with markers.', 'Working'),
('Air Conditioning', 'Efficient cooling system.', 'Maintenance'),
('Coffee Machine', 'Premium coffee brewing machine.', 'Working'),
('Printer', 'High-speed color printer.', 'Working'),
('Sound System', 'Advanced audio system.', 'Working'),
('Lighting', 'Customizable room lighting.', 'Maintenance'),
('Computers', 'High-performance computers.', 'Working'),
('TV', '55-inch Smart TV.', 'Working'),
('Desk', 'Ergonomic desks for all users.', 'Working'),
('Luxury Seating', 'Comfortable and stylish seating.', 'Maintenance'),
('WiFi', 'Backup WiFi system.', 'Working'),
('Lighting', 'Emergency lighting system.', 'Working'),
('Projector', 'Spare HD projector.', 'Maintenance'),
('Coffee Machine', 'Secondary coffee machine.', 'Working'),
('Sound System', 'Surround sound system.', 'Working'),
('Air Conditioning', 'Portable cooling unit.', 'Working'),
('Computers', 'Additional workstations.', 'Maintenance'),
('Desk', 'Standing desks.', 'Working');

INSERT INTO room (name, capacity, features, status, rental_rate_per_hour, admin_id) 
VALUES
('Conference Room A', '10', 'WiFi,Projector,Whiteboard,Air Conditioning', 'Available', 200.00, 1),
('Meeting Room B', '5', 'WiFi,Whiteboard,Lighting,Desk', 'Occupied', 100.00, 2),
('Lecture Hall 1', '20', 'Projector,Sound System,TV,Luxury Seating', 'Available', 500.00, 3),
('Private Office C', '2', 'WiFi,Air Conditioning,Desk', 'Available', 50.00, 4),
('Training Room D', '10', 'Computers,Projector,Whiteboard,Lighting', 'Maintenance', 300.00, 5),
('Event Space 2', '20', 'Sound System,Luxury Seating,Lighting', 'Available', 600.00, 6),
('Small Meeting Room E', '5', 'WiFi,Desk,Whiteboard', 'Occupied', 120.00, 7),
('Boardroom F', '10', 'WiFi,Projector,Desk,Luxury Seating', 'Available', 400.00, 8),
('Computer Lab G', '20', 'WiFi,Computers,Lighting,Air Conditioning', 'Available', 550.00, 9),
('Lounge H', '5', 'Luxury Seating,TV,WiFi', 'Available', 150.00, 10),
('Study Room I', '2', 'Desk,WiFi,Lighting', 'Available', 60.00, 11),
('Conference Room J', '10', 'Projector,Sound System,Whiteboard', 'Maintenance', 250.00, 12),
('Training Room K', '20', 'Computers,Projector,Lighting,Desk', 'Occupied', 500.00, 13),
('Media Room L', '5', 'Sound System,TV,Luxury Seating', 'Available', 200.00, 14),
('Private Office M', '2', 'WiFi,Air Conditioning,Desk', 'Available', 75.00, 15),
('Conference Room N', '10', 'Projector,Sound System,Lighting', 'Available', 220.00, 16),
('Event Space 3', '20', 'Luxury Seating,Sound System,TV', 'Maintenance', 650.00, 17),
('Boardroom O', '10', 'WiFi,Desk,Luxury Seating', 'Available', 380.00, 18),
('Computer Lab P', '20', 'WiFi,Computers,Whiteboard,Lighting', 'Available', 540.00, 19),
('Small Lounge Q', '5', 'Luxury Seating,TV,WiFi', 'Available', 170.00, 20);

INSERT INTO rental (start_datetime, end_datetime, room_id, visitor_id, approval_status)  
VALUES 
('2024-12-01 09:00:00', '2024-12-01 11:00:00', 1, 200, 'Approved'),
('2024-12-02 14:00:00', '2024-12-02 16:30:00', 2, 201, 'Pending'),
('2024-12-03 08:00:00', '2024-12-03 10:00:00', 3, 202, 'Rejected'),
('2024-12-04 13:00:00', '2024-12-04 15:00:00', 4, 203, 'Approved'),
('2024-12-05 10:00:00', '2024-12-05 13:00:00', 5, 204, 'Approved'),
('2024-12-06 09:30:00', '2024-12-06 11:30:00', 6, 205, 'Pending'),
('2024-12-07 12:00:00', '2024-12-07 14:00:00', 7, 206, 'Approved'),
('2024-12-08 15:00:00', '2024-12-08 17:30:00', 8, 207, 'Rejected'),
('2024-12-09 11:00:00', '2024-12-09 13:00:00', 9, 208, 'Pending'),
('2024-12-10 08:00:00', '2024-12-10 10:00:00', 10, 209, 'Approved'),
('2024-12-11 09:00:00', '2024-12-11 11:00:00', 11, 210, 'Rejected'),
('2024-12-12 10:00:00', '2024-12-12 13:00:00', 12, 211, 'Approved'),
('2024-12-13 13:30:00', '2024-12-13 15:30:00', 13, 212, 'Pending'),
('2024-12-14 16:00:00', '2024-12-14 18:30:00', 14, 213, 'Approved'),
('2024-12-15 09:00:00', '2024-12-15 11:30:00', 15, 214, 'Rejected'),
('2024-12-16 10:30:00', '2024-12-16 12:30:00', 16, 215, 'Approved'),
('2024-12-17 14:00:00', '2024-12-17 16:00:00', 17, 216, 'Pending'),
('2024-12-18 15:30:00', '2024-12-18 17:30:00', 18, 217, 'Approved'),
('2024-12-19 09:30:00', '2024-12-19 11:30:00', 19, 218, 'Pending'),
('2024-12-20 13:00:00', '2024-12-20 15:00:00', 20, 219, 'Approved');


INSERT INTO staff_service_request (item_name, quantity, status, request_date, room_id, staff_id) 
VALUES
('Markers', 10, 'Pending', '2024-12-01', 1, 1),
('Chairs', 5, 'Approved', '2024-12-02', 2, 2),
('Projector Screen', 1, 'Rejected', '2024-12-03', 3, 3),
('Whiteboard Erasers', 2, 'Pending', '2024-12-04', 4, 4),
('Microphones', 3, 'Approved', '2024-12-05', 5, 5),
('Extension Cords', 4, 'Pending', '2024-12-06', 6, 6),
('Laptops', 2, 'Approved', '2024-12-07', 7, 7),
('Speakers', 1, 'Rejected', '2024-12-08', 8, 8),
('Coffee Supplies', 20, 'Approved', '2024-12-09', 9, 9),
('Printer Ink', 2, 'Pending', '2024-12-10', 10, 10),
('Cleaning Supplies', 10, 'Approved', '2024-12-11', 11, 11),
('Lighting Bulbs', 5, 'Pending', '2024-12-12', 12, 12),
('Paper Reams', 3, 'Approved', '2024-12-13', 13, 13),
('Batteries', 6, 'Rejected', '2024-12-14', 14, 14),
('Ethernet Cables', 4, 'Approved', '2024-12-15', 15, 15),
('HDMI Cables', 3, 'Pending', '2024-12-16', 16, 16),
('Trash Bags', 10, 'Approved', '2024-12-17', 17, 17),
('Air Filters', 2, 'Pending', '2024-12-18', 18, 18),
('Power Strips', 5, 'Approved', '2024-12-19', 19, 19),
('Hand Sanitizers', 15, 'Pending', '2024-12-20', 20, 20),
('Markers', 10, 'Pending', '2024-10-30', 2, 2),
('Markers', 5, 'Pending', '2024-11-15', 15, 15),
('Markers', 6, 'Approved', '2024-11-20', 7, 7),
('Markers', 4, 'Pending', '2024-12-07', 1, 1),
('Markers', 2, 'Rejected', '2024-11-11', 10, 10);

INSERT INTO maintenance_report (report_date, issue_description, resolved_status, room_id) 
VALUES
('2024-12-01', 'Projector not functioning.', 'Pending', 1),
('2024-12-02', 'WiFi signal weak.', 'Resolved', 2),
('2024-12-03', 'Air conditioning leaking.', 'Pending', 3),
('2024-12-04', 'Whiteboard damaged.', 'Resolved', 4),
('2024-12-05', 'Lighting not working.', 'Pending', 5),
('2024-12-06', 'Coffee machine overheating.', 'Resolved', 6),
('2024-12-07', 'Sound system malfunctioning.', 'Pending', 7),
('2024-12-08', 'Desk broken.', 'Resolved', 8),
('2024-12-09', 'Printer jammed.', 'Pending', 9),
('2024-12-10', 'Chairs need replacement.', 'Resolved', 10),
('2024-12-11', 'TV screen flickering.', 'Pending', 11),
('2024-12-12', 'Doors not locking.', 'Resolved', 12),
('2024-12-13', 'WiFi completely down.', 'Pending', 13),
('2024-12-14', 'Luxury seating cushions torn.', 'Resolved', 14),
('2024-12-15', 'Sound system echo issue.', 'Pending', 15),
('2024-12-16', 'Projector cable missing.', 'Resolved', 16),
('2024-12-17', 'Room heating system broken.', 'Pending', 17),
('2024-12-18', 'TV screen needs maintenance', 'Resolved', 18),
('2024-12-19', 'Power outlets not working.', 'Pending', 19),
('2024-12-20', 'Broken glass window.', 'Resolved', 20), 
('2024-12-21', 'TV Screen not working', 'Pending', 17);



INSERT INTO feedback (rating, comment, feedback_date, room_id, visitor_id)  
VALUES
(5, 'Great experience!', '2024-12-01', 1, 200),
(4, 'Good service.', '2024-12-02', 2, 201),
(3, 'Room was too small.', '2024-12-03', 3, 202),
(5, 'Perfect for meetings!', '2024-12-04', 4, 203),
(4, 'Nice facilities.', '2024-12-05', 5, 204),
(2, 'Coffee machine was broken.', '2024-12-06', 6, 205),
(5, 'Will rent again!', '2024-12-07', 7, 206),
(3, 'Could be better.', '2024-12-08', 8, 207),
(4, 'Comfortable seating.', '2024-12-09', 9, 208),
(5, 'Highly recommend.', '2024-12-10', 10, 209),
(1, 'Terrible experience.', '2024-12-11', 11, 210),
(4, 'Good value for money.', '2024-12-12', 12, 211),
(3, 'Room lighting needs improvement.', '2024-12-13', 13, 212),
(5, 'Loved the atmosphere.', '2024-12-14', 14, 213),
(2, 'Noisy environment.', '2024-12-15', 15, 214),
(5, 'Perfect for presentations.', '2024-12-16', 16, 215),
(4, 'Staff were helpful.', '2024-12-17', 17, 216),
(5, 'Exceeded expectations.', '2024-12-18', 18, 217),
(3, 'AC was not working.', '2024-12-19', 19, 218),
(5, 'Overall great experience.', '2024-12-20', 20, 219);


INSERT INTO supply_request (item_name, quantity, status, request_date, admin_id) 
VALUES
('Paper Reams', 50, 'Pending', '2024-12-01', 1),
('Whiteboard Markers', 30, 'Approved', '2024-12-02', 2),
('Printer Ink', 10, 'Rejected', '2024-12-03', 3),
('Batteries', 20, 'Pending', '2024-12-04', 4),
('HDMI Cables', 15, 'Approved', '2024-12-05', 5),
('Ethernet Cables', 25, 'Rejected', '2024-12-06', 6),
('Extension Cords', 10, 'Approved', '2024-12-07', 7),
('Cleaning Supplies', 40, 'Pending', '2024-12-08', 8),
('Hand Sanitizers', 30, 'Approved', '2024-12-09', 9),
('Trash Bags', 50, 'Rejected', '2024-12-10', 10),
('Lighting Bulbs', 20, 'Approved', '2024-12-11', 11),
('Sound System Cables', 5, 'Pending', '2024-12-12', 12),
('Luxury Seating Covers', 15, 'Approved', '2024-12-13', 13),
('Air Filters', 10, 'Rejected', '2024-12-14', 14),
('WiFi Routers', 5, 'Approved', '2024-12-15', 15),
('Power Strips', 25, 'Pending', '2024-12-16', 16),
('Coffee Supplies', 20, 'Approved', '2024-12-17', 1),
('Paper Shredders', 3, 'Rejected', '2024-12-18', 18),
('Desk Organizers', 15, 'Approved', '2024-12-19', 19),
('Stationery Kits', 50, 'Pending', '2024-12-20', 20);
